customer_id,loyalty_tier,customer_segment,preferred_channel,total_flights,delayed_flights,total_delay_min,routes_flown,verbatim_text,sentiment_score
CUST0001,Gold,Standard,Web,41,5,110.0,"R005, R007, R009, R011, R008, R010, R006, R003, R004, R002, R001, R012","Despite my Gold loyalty status, I experienced a total of five delays out of forty-one flights with Air Côte d'Ivoire over the past year (12.2% delay rate), which was frustrating given that other airlines seemed more reliable and responsive to issues.",-0.5
CUST0002,Explorer,Budget,Web,34,15,285.0,"R002, R006, R005, R011, R008, R004, R009, R012, R010, R007, R001","As an Explorer with Air Côte d'Ivoire, I've taken a total of 34 flights across various routes over the past year through my preferred booking channel – Web. Unfortunately, I experienced delays on nearly half (15 out of 34) of these trips which resulted in about two hours' worth of accumulated delay time overall; this high frequency and significant impact have understandably left me with some frustration regarding their reliability.",-0.6
CUST0004,Explorer,Standard,Corporate Desk,39,12,355.0,"R003, R012, R006, R008, R001, R005, R007, R004, R010, R011, R002, R009","While I appreciate the occasional helpful staff at Air Côte d'Ivoire, I've experienced a significant delay rate of around 30% over my numerous flights in Explorer Tier status (39 total). These frequent delays have caused considerable inconvenience and disruptions to travel plans.",-0.7
CUST0007,Explorer,Standard,Corporate Desk,43,12,210.0,"R004, R005, R001, R008, R002, R003, R009, R011, R012, R006, R010","Over the past year, I've flown with Air Côte d'Ivoire a total of 43 times using Corporate Desk for booking convenience despite experiencing delays on some occasions (12 out of my flights). While I'm grateful they are consistent in providing service to such frequent travelers as Gold Explorers like myself and appreciate their efforts even during unavoidable disruptions.",0.2
CUST0008,Explorer,Standard,Corporate Desk,43,11,425.0,"R007, R010, R003, R006, R011, R009, R005, R002, R004, R008","As a frequent traveler with Air Côte d'Ivoire, I've flown Standard for over the past year on key routes like R007 and R011 using my Corporate Desk booking preference (43 flights taken). Despite enjoying some great experiences flying this airline's main hubs such as Abidjan and Yamoussoukro, I'm disappointed by an overall 25.6% delay rate across all these trips which led to a cumulative frustration of over four hours delayed in total. I would appreciate if they could invest more into improving punctuality for their loyal customers.",-0.7
CUST0009,Explorer,Standard,Travel Agency,30,10,310.0,"R008, R001, R005, R002, R006, R004, R007, R003, R009, R010, R011","My experience with Air Côte d'Ivoire over the past year has been mixed, as I have taken a total of 30 flights through them and unfortunately encountered delays on about one-third (33.3%) of my trips—totaling approximately 310 minutes in delay time across all journeys flown primarily via travel agency bookings.",-0.5
CUST0010,Explorer,Standard,Corporate Desk,25,11,260.0,"R005, R006, R011, R007, R002, R003, R001, R004, R010, R012","As a frequent traveler with Air Côte d'Ivoire, my overall experience over the past year has been disappointing due to our high delay rate of nearly half all flights taken (44%). Delays totaling up to several hours have disrupted both personal and business commitments despite being an Explorer Tier member. I hope improvements can be made in future operations.",-0.8
CUST0012,Explorer,Standard,Mobile App,47,14,350.0,"R007, R001, R004, R010, R012, R009, R006, R005, R002, R008, R011, R003","As a frequent Explorer with Air Côte d'Ivoire, I've experienced quite an inconsistent journey over the past year—14 flights were delayed out of my total travels (29.8% delay rate), which cumulatively added up to about two weeks' worth of waiting time on just 1/3rd of all trips taken through their mobile app platform.",-0.6
CUST0013,Explorer,Standard,Corporate Desk,37,7,230.0,"R005, R007, R009, R012, R006, R003, R011, R008, R004, R001, R002, R010","While I have flown with Air Côte d'Ivoire frequently, my experience has been somewhat disappointing due to a high delay rate of nearly 19%. Despite the convenience and service provided on some flights like R005 and R007, frequent delays across multiple routes such as R006, R003, etc., made this overall less than satisfactory. I appreciate that they operate in West Africa but would hope for improvements going forward.",-0.5
CUST0017,Gold,Business,Travel Agency,36,9,145.0,"R002, R003, R010, R004, R008, R006, R007, R011, R001, R005, R009, R012","While I appreciate the loyalty perks of Gold membership with Air Côte d'Ivoire, my overall experience over past year was marred by a relatively high delay rate (25%). This frequent disruption affected numerous critical business trips and extended delays cumulatively caused significant inconvenience.",-0.5
CUST0018,Silver,Standard,Mobile App,47,11,350.0,"R005, R003, R012, R009, R001, R008, R011, R004, R010, R002, R006, R007","While I appreciate being a Silver member with Air Côte d'Ivoire, my travel experience over the past year has been frustrating due to an average delay rate of approximately 23%. Out of nearly half a dozen flights taken using their mobile app for booking convenience and flying across multiple routes like R005 (Abidjan), there were eleven delays accumulating around 350 minutes in total. I hope they can address these recurrent issues soon as this has caused significant inconvenience.",-0.7
CUST0022,Gold,Standard,Mobile App,32,11,250.0,"R012, R003, R001, R006, R005, R004, R010, R002, R008, R009, R007, R011","As a Gold member, I expected more reliability from Air Côte d'Ivoire with my frequent travels over the past year despite flying on main routes R012 to R011 and using their mobile app for bookings. Unfortunately, I've experienced significant delays across all flights totaling an alarming delay rate of 34.4%. The cumulative frustration has reached a peak given that I flew Standard segment as Gold tier promises better service.",-0.8
CUST0023,Explorer,Business,Mobile App,38,14,245.0,"R006, R004, R005, R009, R011, R003, R002, R010, R012, R001, R008, R007","As a frequent traveler with the Explorer tier, I've flown Air Côte d'Ivoire for nearly three years now and have experienced delays on over half of my flights (14 out of 38). This has significantly impacted my travel plans despite using their mobile app as preferred. While I appreciate that occasional issues can arise in air transport due to various reasons such as weather or operational challenges, a delay rate this high is quite frustrating for someone who values punctuality and reliability.",-0.8
CUST0025,Silver,Business,Corporate Desk,35,10,155.0,"R006, R012, R001, R004, R007, R008, R010, R009, R003, R005, R011","My experience with Air Côte d'Ivoire over the past year has been mixed, though I appreciate their efforts on my main routes flown frequently like R006 and R012. While I've encountered significant delays (10 out of 35 flights), which is concerning for a Silver-tier member expecting better service reliability.",-0.5
CUST0026,Explorer,Business,Mobile App,51,18,345.0,"R001, R004, R006, R007, R005, R003, R011, R009, R010, R002, R012, R008","Flying with Air Côte d'Ivoire as an Explorer has been a mixed experience due to the high delay rate of approximately 35%. While I appreciate their mobile app booking system, it's crucial for them to improve punctuality on main routes R001-R012 I've flown. The cumulative frustration over numerous delays cannot be overstated.",-0.6
CUST0028,Gold,Business,Travel Agency,41,12,220.0,"R006, R005, R009, R004, R011, R007, R012, R008, R003, R002, R001","While I appreciate the frequent flyer benefits with Air Côte d'Ivoire, my experience over these past flights has been marred by a significant delay rate of almost 30%. Despite flying through multiple key routes and relying on their services as part of our travel agency arrangements for business trips (Gold Loyalty Tier), I've encountered numerous delays totaling approximately five hours. The disruptions have caused considerable inconvenience in meeting tight schedules, which is not the reliability I expect at this level.",-0.6
CUST0030,Silver,Standard,Web,44,15,310.0,"R002, R004, R005, R003, R010, R007, R009, R012, R008, R006, R011","As a Silver tier member of Air Côte d'Ivoire, my overall experience over the past year has been quite frustrating due to frequent delays on all main routes flown (R002-R012). With an alarming delay rate at nearly one-third across just under 45 flights and accumulated delayed time totaling about six hours. Though I appreciate some flexibility with bookings made via web channels, consistent reliability remains a critical expectation for me as Silver members.",-0.75
CUST0031,Gold,Budget,Mobile App,43,10,255.0,"R002, R006, R011, R004, R005, R010, R003, R008, R009, R012, R007, R001","While I appreciate the Gold loyalty benefits, my experience with Air Côte d'Ivoire over the past year has been less than satisfactory due to a high delay rate of approximately 23%. Despite flying frequently and enjoying occasional perks from being on Gold tier status, these frequent delays have overshadowed many positive moments. My mobile app bookings were convenient but unable to mitigate this ongoing issue.",-0.7
CUST0032,Explorer,Budget,Corporate Desk,35,11,310.0,"R002, R005, R007, R008, R012, R010, R006, R009, R001, R004, R011","As a frequent Explorer with Air Côte d'Ivoire, I've experienced considerable frustration over the past year due to an alarming delay rate of nearly one in every four flights (31.4%). Delays have accumulated significantly across my total flight time—310 minutes lost waiting for departures and arrivals—which is quite disappointing given that I prefer booking through a Corporate Desk with expectations towards timely services.",-0.7
CUST0033,Explorer,Budget,Web,40,15,480.0,"R005, R008, R010, R009, R004, R001, R011, R012, R002, R006, R003, R007","As a frequent traveler with Air Côte d'Ivoire, my experience has been moderately frustrating due to the high delay rate of approximately 37.5%. While I appreciate that delays can happen occasionally on flights like mine (Budget Explorer), consistently facing this issue affects convenience and plans significantly.",-0.6
CUST0035,Explorer,Standard,Corporate Desk,45,18,365.0,"R001, R003, R012, R009, R002, R004, R006, R011, R010, R007, R005","As a loyal Explorer, I've experienced quite some turbulence with Air Côte d'Ivoire over the past year; my total flight count of just under half is overshadowed by an unsettling delay rate that consistently hovered around or even exceeded expectations (40%). Despite enjoying multiple routes across West Africa and appreciating occasional seamless connections facilitated through our preferred booking channel - Corporate Desk, it's frustrating to say goodbye on so many occasions due to cancellations. While there's always room for improvement in their reliability metrics which directly impact my travel experiences.",-0.5
CUST0039,Silver,Standard,Web,38,12,305.0,"R009, R010, R006, R008, R011, R002, R005, R004, R003, R001, R007, R012","Air Côte d'Ivoire has been my go-to standard carrier for frequent travel over the past year, totaling an impressive 38 flights through their various routes like R009 and R010. However, with a notable delay rate of about 31%, I've experienced significant disruptions amounting to approximately 305 minutes in total delays across these trips – this is especially frustrating as I hold Silver loyalty status which suggests better treatment should be expected.",-0.5
CUST0040,Silver,Budget,Corporate Desk,39,7,190.0,"R012, R004, R005, R003, R011, R001, R007, R009, R006, R002, R008","As a Silver Loyalty Tier member, I have flown with Air Côte d'Ivoire on multiple occasions over the past year and while their frequent flyer rewards are appreciated given my Budget status (total flights: 39), I've experienced significant inconvenience due to delays in almost one-fifth of all trips taken. With seven total flight disruptions causing nearly two hours lost across different routes, it has been frustrating although it's a learning curve for any airline's growth phase.",-0.5
CUST0041,Silver,Business,Mobile App,47,11,370.0,"R006, R009, R007, R004, R005, R002, R001, R003, R008, R011","Despite some delays, I've enjoyed my frequent travels with Air Côte d'Ivoire over the past year using their mobile app for booking convenience and Silver loyalty benefits.",0.3
CUST0043,Explorer,Budget,Travel Agency,28,4,80.0,"R006, R003, R004, R009, R012, R001, R008, R007, R002, R010, R005","Overall, my experience with Air Côte d'Ivoire has been mostly satisfying despite experiencing a few delays during the year; their main routes have always met expectations and booking through travel agencies was convenient.",0.2
CUST0046,Silver,Business,Corporate Desk,36,7,140.0,"R001, R005, R009, R011, R002, R004, R008, R012, R006, R007, R003, R010","Overall, Air Côte d'Ivoire has been satisfactory with occasional delays that didn't significantly impact my travel plans as a Silver Loyalty Tier member and frequent business traveler.",0.5
CUST0047,Silver,Budget,Corporate Desk,43,18,340.0,"R008, R001, R003, R004, R002, R005, R011, R012, R006, R009, R007, R010","Air Côte d'Ivoire has been a mixed bag for me as an occasional Silver tier flyer over the past year, with significant delays on most of my flights totaling nearly eight hours cumulatively (41.9% delay rate). While I appreciate their main routes coverage and Corporate Desk booking channel preference, these frequent disruptions have overshadowed other positives.",-0.5
CUST0048,Explorer,Business,Mobile App,39,11,185.0,"R005, R006, R003, R008, R009, R011, R010, R001, R002, R007, R004, R012","My experience with Air Côte d'Ivoire over the past year has been a mixed bag of reliability issues, as I've faced numerous delays totaling nearly five hours across my frequent business travel. Despite being an Explorer Tier member who values punctuality for meeting tight schedules and commitments on various routes like R005 to R012 using their mobile app booking channel preference, this high delay rate (28.2%) has been particularly frustrating.",-0.6
CUST0049,Explorer,Standard,Mobile App,31,4,85.0,"R003, R005, R002, R006, R009, R011, R012, R007, R004, R008, R010","Over the past year, I've taken a total of 31 flights with Air Côte d'Ivoire using their mobile app for bookings and traveled through several routes including R003 to R012 (R004 was canceled). Although I experienced four delays totaling only 85 minutes across all my trips—which accounts for about a 12.9% delay rate—I appreciate that these occurrences were not frequent disruptions but rather isolated incidents in an otherwise smooth flying experience.",0.3
CUST0051,Explorer,Standard,Travel Agency,35,9,345.0,"R004, R011, R012, R009, R006, R005, R007, R008, R001, R002","As an Explorer tier member, I've taken a total of 35 flights with Air Côte d'Ivoire over the past year through my preferred Travel Agency booking channel. While I appreciate that occasional delays can happen to anyone flying often (with this trip having had one significant delay), I'm disappointed in seeing such high overall and cumulative minutes lost due to these disruptions which affect both convenience and productivity.",-0.6
CUST0053,Explorer,Standard,Travel Agency,45,13,210.0,"R005, R006, R012, R003, R009, R002, R007, R011, R004, R008, R010, R001","While Air Côte d'Ivoire offers convenient connections across my main routes, the frequent delays I've experienced have been quite frustrating throughout the year (13 out of 45 flights). As an Explorer Tier member who usually books through a travel agency like myself did in many cases to take advantage of those deals and services offered by you, I hope future improvements can be made. A reliable airline would surely boost my loyalty.",-0.6
CUST0055,Explorer,Budget,Mobile App,47,15,510.0,"R008, R004, R006, R002, R012, R010, R009, R001, R005, R003","Over the past year as a Budget Explorer flyer, my experience with Air Côte d'Ivoire has largely been disappointing due to an average delay rate of around 31%. Despite being loyal through numerous flights on popular routes like R008 and R004 via mobile app bookings, I often faced cancellations or significant delays that disrupted well-planned itineraries. Although the airline offers frequent flyer perks for Explorers, it's hard not to feel frustrated with such a high cumulative inconvenience.",-0.6
CUST0056,Gold,Standard,Web,33,11,200.0,"R002, R004, R011, R012, R003, R010, R007, R005, R008, R001, R006, R009","While I appreciate the Gold status perks, my experience with Air Côte d'Ivoire has been marred by a disappointing delay rate of over 33%. Despite being loyal to your airline for an entire year and flying on various routes like R002, R004, etc., I've faced significant disruptions totaling nearly two hours. Your team should prioritize improving flight punctuality as it greatly affects the overall travel experience.",-0.6
CUST0057,Explorer,Standard,Travel Agency,39,8,330.0,"R006, R001, R004, R011, R003, R008, R009, R010, R005, R002, R007, R012","Over the past year, I have flown with Air Côte d'Ivoire quite frequently—39 times in total! While I've faced some delays (8 out of those), which gave me a delay rate slightly above average at around 20%, I'm willing to forgive these occasional hiccups. The main routes were always well-served and my preference for booking through travel agencies proved convenient.",-0.1
CUST0060,Silver,Business,Web,41,14,510.0,"R008, R001, R004, R005, R006, R009, R012, R003, R007, R011, R002, R010","As a Silver Loyalty member, my experience with Air Côte d'Ivoire over the past year has been less than ideal due to frequent delays on numerous routes like R008 and R001—totaling fourteen delayed flights out of forty-one attempts (34.1% delay rate). The cumulative frustration caused by these disruptions significantly impacted our business travel efficiency despite using Web for booking.",-0.7
CUST0061,Silver,Standard,Travel Agency,34,7,245.0,"R009, R005, R010, R001, R003, R012, R007, R002, R004, R006","As a Silver member who has flown with Air Côte d'Ivoire for the past year, I've encountered some delays on my flights—7 out of 34 total trips were delayed by an average time totaling nearly five hours across all flight times combined (20.6% delay rate). While I appreciate that occasional disruptions can happen in air travel and have had a few good experiences flying to routes such as R009 and R005, the cumulative effect has caused me significant frustration over this period of my journey with Air Côte d'Ivoire.",-0.5
CUST0063,Explorer,Budget,Mobile App,40,9,225.0,"R001, R002, R007, R004, R006, R008, R009, R003, R010, R005, R012, R011","As an Explorer-level traveler with Air Côte d'Ivoire, I've taken a total of 40 flights on their budget segment over the past year through R001 to R012 via mobile app bookings. While I appreciate that delays are inevitable in air travel (which accounts for about half my trips), experiencing nearly one-third delayed significantly impacts overall satisfaction and productivity from time spent waiting.",-0.5
CUST0064,Explorer,Standard,Web,31,8,250.0,"R011, R001, R007, R009, R008, R004, R006, R003, R005, R010, R002","As an Explorer member, I've had a mixed experience with Air Côte d'Ivoire over the past year; I took advantage of their services for my travel needs on routes R011 to R010 and enjoyed comfortable flights most times. However, there were significant delays in 8 out of those trips (about every third flight), totaling nearly five hours across all journeys which was quite frustrating at points but I'm willing to give them another chance as they have shown some improvement over time.",-0.5
CUST0066,Explorer,Standard,Mobile App,33,9,270.0,"R005, R011, R008, R009, R004, R002, R006, R012, R007, R001, R003, R010","While I've enjoyed flying with Air Côte d'Ivoire on many occasions, my frustration has grown due to a high delay rate of nearly 27%. Despite enjoying the convenience and comfort provided by their mobile app bookings for frequent flyers like me in Explorer Tier, these consistent delays have taken away from what should be an enjoyable travel experience. I hope future efforts can improve reliability.",-0.7
CUST0067,Explorer,Standard,Web,36,11,190.0,"R005, R006, R012, R004, R009, R001, R010, R002, R007","As a frequent traveler with Air Côte d'Ivoire, I've experienced an average delay rate of nearly 31%. Despite enjoying flights on routes like R005 and R006 for my Explorer status in the past year (36 total trips), this high level of delays has been disappointing. The cumulative frustration from these interruptions is noteworthy.",-0.6
CUST0068,Gold,Premium,Corporate Desk,32,15,295.0,"R003, R009, R001, R006, R004, R002, R007, R012, R005, R010, R011","Despite being a Gold member with Air Côte d'Ivoire, I've experienced an unacceptably high delay rate of over 46%. Out of my total flights taken in the past year (32), nearly half were delayed for various reasons—an aggregate inconvenience that has significantly marred what should have been smooth premium travel experiences. The cumulative frustration due to delays and frequent disruptions is understandably disappointing.",-0.8
CUST0069,Silver,Premium,Corporate Desk,38,15,405.0,"R003, R012, R006, R010, R001, R008, R009, R005, R011, R002, R007, R004","While I appreciate the premium service at Air Côte d'Ivoire, my experience has been disappointing due to a high delay rate of nearly 40%. This significantly impacted both personal and professional commitments over multiple flights within R003-R011 routes.",-0.7
CUST0074,Silver,Budget,Web,27,9,150.0,"R007, R001, R004, R008, R003, R005, R009, R006, R011, R002","My overall experience with Air Côte d'Ivoire has been somewhat frustrating due to the high delay rate of approximately 33%. As a Silver member, I expected better service and reliability from my budget carrier.",-0.5
CUST0075,Gold,Standard,Corporate Desk,44,7,195.0,"R010, R011, R001, R007, R012, R004, R003, R002, R006, R005, R009, R008","As a Gold member with Air Côte d'Ivoire, I appreciate the efforts of your team but am disappointed by my delay rate at approximately 15.9%. Despite frequent flyer benefits and high expectations for premium treatment as per our loyalty tier, I've experienced significant delays totaling almost four hours across all flights taken this year.",-0.5
CUST0077,Gold,Business,Travel Agency,39,16,365.0,"R008, R009, R010, R006, R007, R001, R004, R005, R002, R011, R003","Despite the frequent disruptions, I've managed to maintain a Gold membership with Air Côte d'Ivoire for over a year and have flown on many routes like R008 and R009 through my travel agency bookings. The cumulative frustration from high delay rates is palpable as these interruptions significantly impacted both personal commitments and business trips.",-0.7
CUST0078,Gold,Business,Mobile App,28,11,190.0,"R004, R009, R001, R003, R010, R008, R002, R006, R012, R011, R005, R007","Despite my frequent travels with Air Côte d'Ivoire as a Gold member, the high delay rate of over 39% across numerous flights has significantly hindered our business operations and personal schedules. Although we appreciate efforts to improve service reliability moving forward.",-0.8
CUST0079,Silver,Standard,Travel Agency,52,15,460.0,"R009, R002, R011, R010, R001, R005, R012, R003, R006, R004, R007, R008","Overall, my experience with Air Côte d'Ivoire has been largely disappointing due to the high delay rate of nearly 29%. Despite being a Silver loyalty member and having flown extensively over this past year (52 flights), I often faced delays totaling around 460 minutes across all bookings. While it's understood that disruptions can happen occasionally through unforeseen circumstances, it seems like there's room for improvement in their operational efficiency.",-0.6
CUST0080,Explorer,Budget,Web,31,10,295.0,"R002, R004, R011, R006, R007, R009, R003, R010, R012, R008, R005","Despite my frequent flying with Air Côte d'Ivoire, I've experienced quite a frustrating delay rate of over 32%. Out of the numerous flights taken (31 in total), I had to endure delays on more than half due to reasons beyond control such as weather and operational issues. As an Explorer tier member seeking better service from this airline for my frequent trips across main routes like R002, R004 etc., it's disappointing that reliability hasn't been consistent.",-0.7
CUST0081,Gold,Budget,Mobile App,33,16,415.0,"R001, R009, R002, R006, R011, R005, R010, R012, R008, R004, R007","Despite being a Gold member, Air Côte d'Ivoire's frequent delays with an alarming rate of nearly half my flights have significantly dampened the overall experience for me over these past year.",-1.0
CUST0082,Silver,Standard,Travel Agency,38,8,125.0,"R003, R001, R006, R002, R007, R004, R005, R009, R012, R010, R011, R008","While I appreciate the frequent flyer benefits as a Silver member, my experience with Air Côte d'Ivoire over the past year has been somewhat disappointing due to an overall delay rate of about 21%. The cumulative effect on travel plans and convenience is frustrating.",-0.5
CUST0083,Explorer,Business,Travel Agency,46,18,415.0,"R008, R009, R005, R003, R001, R006, R011, R010, R004, R007, R002, R012","Over the past year, my experience with Air Côte d'Ivoire as a frequent traveler has been frustrating due to an extremely high delay rate of nearly half (39%) all flights taken through this airline, totaling over four hours cumulatively delayed time across numerous main routes. The loyalty tier Explorer unfortunately didn't seem enough support for someone flying 46 times in such conditions.",-0.8
CUST0084,Silver,Business,Mobile App,39,14,210.0,"R008, R004, R009, R001, R012, R006, R002, R007, R011, R003, R005, R010","Despite being a frequent flyer with Silver status, the high delay rate of over 35% across my numerous trips to Côte d'Ivoire has been quite disappointing and disruptive.",-1.0
CUST0087,Silver,Standard,Web,27,7,225.0,"R008, R001, R004, R005, R003, R002, R006, R009, R010, R007","As a Silver Loyalty Tier member with Air Côte d'Ivoire, I have flown Standard status for the past year and had an overall satisfactory experience despite experiencing some delays (7 out of 27 flights delayed). The main routes provided serviceable connectivity to my destinations on time. While there were inconveniences due to those few delays amounting approximately total delay times of around two hours across all trips, I appreciate their efforts in managing this issue.",-0.2
CUST0089,Explorer,Premium,Web,48,16,285.0,"R001, R004, R005, R009, R012, R006, R003, R011, R002, R008, R010, R007","As a loyal Explorer member, I have flown with Air Côte d'Ivoire for the past year on several key routes but unfortunately experienced frequent delays (16 out of my total flights). While these disruptions caused significant inconvenience and frustration over time given that it accumulated to 285 minutes across all trips due to poor reliability despite using our preferred booking channel: Web. My flight history shows a high delay rate, leading me to be less than satisfied with their service.",-0.8
CUST0090,Gold,Business,Travel Agency,48,12,290.0,"R004, R009, R011, R005, R012, R006, R003, R007, R001, R010, R002, R008","Over the past year as a Gold tier member, I've flown with Air Côte d'Ivoire through their travel agency channel for numerous trips across Africa and Europe (R004-R008). Despite my loyalty status expecting premium service, I experienced significant delays: out of 48 flights taken this time around in business class—12 delayed totaling over five hours—it has been frustrating to see such unreliability. The airline should seriously address these recurring issues.",-0.6
CUST0098,Gold,Standard,Corporate Desk,39,17,610.0,"R001, R002, R010, R007, R004, R005, R008, R011, R003, R009, R006, R012","Despite being a Gold member, I've experienced significant disruptions over the past year with Air Côte d'Ivoire—a total of 17 delays out of my last year's travels which is incredibly frustrating and unacceptable for frequent flyers like myself who have invested time in earning our loyalty rewards. The cumulative delay times add up to an alarming amount too (610 minutes). It seems there's a persistent issue on their main routes that needs urgent addressing.",-0.8
CUST0099,Explorer,Standard,Mobile App,45,11,315.0,"R010, R007, R002, R005, R008, R006, R003, R009, R004, R012, R001, R011","While I appreciate the convenience of booking flights through Air Côte d'Ivoire's mobile app, my overall experience has been marred by an unacceptable delay rate over numerous trips (11 delays in total). It is disappointing to consistently face disruptions that contribute significantly not just individually but cumulatively. More reliable flight schedules would certainly enhance customer satisfaction for loyal travelers like myself.",-0.6
CUST0100,Gold,Budget,Corporate Desk,32,9,285.0,"R004, R005, R003, R008, R009, R006, R012, R002, R007, R001","Despite being a Gold member with Air Côte d'Ivoire, I've experienced significant frustration due to the high delay rate of over 28% in my past year's flights (32 total). While I appreciate efforts made on certain routes like R004 and others for timely service, consistent delays have impacted overall satisfaction. A better system or communication would be appreciated from a Gold loyalty perspective.",-0.6
CUST0102,Explorer,Standard,Corporate Desk,40,12,255.0,"R003, R006, R009, R010, R001, R007, R005, R011, R004, R012, R002","As a frequent Explorer traveler, my overall experience with Air Côte d'Ivoire has been moderately satisfying despite some challenges due to their relatively high delay rate of 30%. While I appreciate the variety in routes and preferred booking channels through Corporate Desk, I'd recommend improvements for timely service. Overall sentiment remains neutral as I've encountered both good moments such as satisfactory flight experiences on main routes like R003 but also faced significant delays totaling over three hours across multiple flights.",-0.2
CUST0103,Silver,Business,Web,34,12,320.0,"R004, R010, R001, R003, R005, R007, R009, R006, R012, R002, R008","As a loyal Silver member, I've had mixed experiences with Air Côte d'Ivoire over the past year—totaling 34 flights and unfortunately enduring delays on around half of them (35.3% delay rate). While I appreciate their efforts in managing such disruptions when they do occur through my preferred booking channel—the Web—I remain dissatisfied due to frequent setbacks that have disrupted important business meetings, especially considering I'm a Silver tier member who expects better reliability.",-0.4
CUST0104,Silver,Standard,Mobile App,44,10,300.0,"R003, R011, R004, R001, R002, R006, R007, R008, R010, R012, R005, R009","While Air Côte d'Ivoire has been a frequent choice for me, my experiences have had some letdowns with an average delay rate of over 22%. The mobile app booking channel is convenient and the airline provides good service on time where possible.",-0.2
CUST0106,Explorer,Budget,Mobile App,33,11,340.0,"R001, R004, R009, R010, R011, R002, R012, R005, R007","As a frequent Budget Explorer with Air Côte d'Ivoire, I've encountered significant delays over the past year—11 out of my total flights were delayed by an average of nearly eleven hours in total (340 minutes). While I appreciate using their mobile app for bookings and enjoy flying on routes like R001 to R012 occasionally, this high delay rate has been frustrating. I'm hoping they can improve reliability soon.",-0.7
CUST0108,Gold,Business,Travel Agency,41,8,295.0,"R003, R012, R004, R005, R009, R010, R001, R008, R006, R007","As a Gold member, I appreciate the premium service Air Côte d'Ivoire offers on my main routes R003 and R012; however, I've experienced quite high delays with an overall delay rate of nearly 20%. While I'd be happy to forgive one minor inconvenience for such frequent disruptions that cumulatively impact work schedules significantly.",-0.5
CUST0109,Gold,Business,Corporate Desk,31,7,215.0,"R003, R006, R001, R004, R005, R011, R007, R012, R008, R002, R009, R010","As a Gold member of Air Côte d'Ivoire, I've experienced some delays totaling seven flights over the past year with an average delay time that affected my business schedule significantly. While I understand occasional disruptions can occur due to various reasons beyond control, it would be appreciated if these were minimized in order for us loyal customers who rely on punctuality and premium service expectations.",-0.5
CUST0111,Silver,Business,Mobile App,38,10,265.0,"R005, R007, R009, R002, R001, R004, R008, R011, R003, R006, R010, R012","As a Silver loyalty tier member, I've taken advantage of Air Côte d'Ivoire for my business travels over the past year with an average delay rate nearing 26%. While I appreciate their mobile app convenience and frequent flyer benefits as a Gold member (Silver status), it is quite frustrating to encounter such high delays across all flights flown. The cumulative impact on time management during critical work trips can no longer be overlooked.",-0.7
CUST0112,Explorer,Standard,Web,50,10,245.0,"R006, R008, R002, R009, R012, R001, R010, R003, R007, R005, R011, R004","As an Explorer Tier member, I've had a mixed experience with Air Côte d'Ivoire over the past year - there's consistent reliability on my favorite routes like R006 and R008, but unfortunately, there were frequent delays (10 out of 50 flights) totaling about 245 minutes. While I appreciate their efforts in keeping these main connections running smoothly most times, I'd welcome a more robust commitment to minimizing disruptions for travelers who rely heavily on this service.",-0.2
CUST0113,Explorer,Standard,Mobile App,48,10,135.0,"R003, R007, R004, R006, R005, R008, R012, R001, R011, R009, R002, R010","While Air Côte d'Ivoire's mobile app booking system is user-friendly, my experience has been hindered by a significant delay rate of nearly 21%. Out of the numerous flights I've taken (48 in total), I experienced delays on more than half of them. Despite being an Explorer tier member and often appreciating their efforts to connect us with convenient routes like R003 through R012, this consistent issue over a year has been frustrating for me.",-0.7
CUST0114,Explorer,Business,Mobile App,41,7,255.0,"R005, R010, R006, R012, R009, R001, R002, R003, R004, R011, R008","As an Explorer tier member, I appreciate the convenience of using Air Côte d'Ivoire's mobile app for booking flights on my main routes such as R005 and R010. However, I've experienced a total delay rate of about 17% over 41 flights this year (7 out of 41), with accumulated delays totaling nearly four hours across all tickets due to these disruptions.",-0.6
CUST0115,Explorer,Standard,Corporate Desk,43,12,345.0,"R001, R004, R007, R006, R009, R003, R005, R012, R008, R011","Having flown with Air Côte d'Ivoire for the past year, I've experienced a significant number of delays—12 out of my total flights were delayed (27.9%). This high delay rate has caused considerable inconvenience and frustration throughout our journey together.",-0.7
CUST0118,Explorer,Business,Corporate Desk,42,10,215.0,"R007, R006, R009, R002, R004, R001, R008, R003, R005, R012, R010, R011","As a loyal Explorer member, I have flown Air Côte d'Ivoire on multiple occasions for business purposes over the past year with mixed experiences; while their frequent flyer program rewards were appreciated (42 flights), my frustration is mounting due to an unsettling delay rate of 23.8%, totaling around five hours lost in just ten delayed flights across various routes.",-0.6
CUST0119,Silver,Standard,Web,50,13,345.0,"R001, R007, R008, R011, R003, R004, R005, R012, R006, R010, R009, R002","As a Silver member with Air Côte d'Ivoire, I've flown multiple times over the past year but faced an unfortunate delay rate of approximately 26%. Despite enjoying good service on most occasions and appreciating being part of their loyalty program as opposed to Gold members who might have higher expectations for premium treatment. I appreciate them working towards improving this aspect in future flights.",-0.3
CUST0120,Explorer,Budget,Travel Agency,50,15,360.0,"R005, R008, R006, R011, R009, R002, R004, R007, R001, R003, R010, R012","As a frequent flyer in the Explorer tier with Air Côte d'Ivoire, I have experienced significant delays across my flights—15 out of 50 total trips were delayed by an average of 7.2 minutes per flight (30% delay rate). While some inconveniences are manageable for occasional travelers like me who fly mainly through travel agencies and prefer economical options such as R005 or R008 routes, a consistent pattern suggests there's room to significantly improve their on-time performance.",-0.5
CUST0121,Explorer,Standard,Corporate Desk,39,6,165.0,"R009, R006, R011, R001, R004, R003, R002, R007, R012, R008, R010","As a loyal Explorer with Air Côte d'Ivoire, I’ve flown back-to-back for the past year – totaling nearly forty flights across various routes like R009 and R006. Despite experiencing six delays out of those trips (which translates to about fifteen percent delay rate), they managed most times efficiently once we landed; however, it would be great if there were more consistent on-time performance especially considering my frequent flyer status as an Explorer.",0.2
CUST0122,Explorer,Business,Web,40,12,310.0,"R006, R009, R012, R004, R007, R001, R005, R002, R011, R003, R008","As a Gold Explorer member, I've flown with Air Côte d'Ivoire for the past year on numerous occasions across various routes like R006 and R009. While I appreciate their efforts to serve business travelers through different channels such as web bookings, my overall experience has been marred by an unsatisfactory 30% delay rate over 40 flights totaling nearly seven hours of delays (310 minutes). These frequent disruptions have significantly affected the convenience expected at this loyalty tier.",-0.6
CUST0125,Silver,Budget,Web,38,5,55.0,"R009, R010, R006, R003, R004, R011, R007, R005, R008, R012, R001","As a Silver tier member, I appreciate the frequent opportunities to save money with Air Côte d'Ivoire through my budget flights and loyalty rewards. However, I've encountered some inconvenience due to delays on around five occasions during this year (13.2%), which has been frustrating but not overly detrimental considering these were minor issues that didn't significantly impact overall travel plans.",0.3
CUST0127,Explorer,Business,Corporate Desk,35,10,185.0,"R005, R008, R012, R004, R002, R010, R006, R007, R001, R009, R011, R003","Having flown with Air Côte d'Ivoire for the past year as an Explorer, I've experienced a notable delay rate of approximately 28%. While I appreciate their efforts on main routes such as R005 and R008 where flights were punctual, my frustration grows due to cumulative delays totaling over four hours across numerous trips. More reliable service would greatly enhance our business travel experience.",-0.7
CUST0129,Explorer,Standard,Corporate Desk,43,10,260.0,"R003, R005, R009, R002, R006, R007, R008, R011, R001, R012, R004, R010","As a frequent flyer with Air Côte d'Ivoire, I've experienced quite an unpredictable journey over the past year — my delay rate stands at around 23%. While I appreciate occasional smooth flights on main routes like R003 and R005 that align perfectly to our corporate schedules (thanks for those!), it's frustrating when we're caught unawares by delays. Given this year's Explorer Tier loyalty status, a better commitment from Air Côte d'Ivoire towards punctuality would significantly enhance my travel experience.",-0.5
CUST0131,Gold,Premium,Corporate Desk,40,13,310.0,"R002, R005, R009, R001, R010, R012, R007, R008, R006, R003","Despite frequenting Air Côte d'Ivoire over the past year, I've experienced a significant delay rate of approximately 32%. As a Gold member with considerable loyalty to your airline, I hope this feedback encourages improvements in on-time performance for future trips.",-0.7
CUST0132,Gold,Standard,Corporate Desk,35,13,395.0,"R001, R004, R005, R012, R002, R009, R003, R006, R010, R008","As a Gold member, I've had an unfortunate experience with Air Côte d'Ivoire over the past year—13 out of my total flights were delayed by up to almost half an hour combined (37.1% delay rate), which has caused significant inconvenience and disrupted plans on multiple occasions.",-0.8
CUST0133,Explorer,Business,Travel Agency,39,10,165.0,"R003, R012, R001, R002, R006, R008, R009, R010, R005, R004, R007, R011","As a loyal Explorer tier member, I've flown with Air Côte d'Ivoire for the past year on numerous business trips across various routes like R003 and R012 without significant issues; however, I can't overlook my total of ten flights experiencing delays—an unsettling 25.6% delay rate causing accumulated frustration due to disruptions in important meetings.",-0.7
CUST0134,Silver,Standard,Mobile App,40,11,215.0,"R004, R012, R002, R001, R006, R005, R009, R011, R008, R007, R010, R003","As a Silver Loyalty Tier member, I've taken advantage of Air Côte d'Ivoire for over the past year with consistent flights totaling forty journeys across various routes like R004 and R011 through our preferred mobile app booking channel. Unfortunately, I experienced an average delay rate of 27.5% on my trips despite having numerous delays amounting to a total downtime exceeding two hours collectively (215 minutes), which has been quite frustrating over time.",-0.6
CUST0136,Silver,Premium,Corporate Desk,45,20,545.0,"R007, R001, R010, R012, R003, R005, R009, R002, R004, R006, R008","My experience with Air Côte d'Ivoire over the past year has been disappointing due to a high delay rate of nearly half my flights, totaling twenty delayed out of forty-five taken (44.4%). This constant disruption significantly impacted both personal and business travel plans despite being in their Silver Loyalty Tier.",-0.8
CUST0137,Explorer,Budget,Mobile App,49,14,385.0,"R002, R006, R003, R004, R005, R001, R008, R010, R012, R009, R011, R007","As a frequent budget traveler with Air Côte d'Ivoire, I've had an overwhelming majority of flights delayed on average by over eight minutes each time across my total journeys (49). While I appreciate the mobile app's convenience for booking and managing travel plans, I'm extremely disappointed in experiencing such high rates of delays that often disrupted our flight schedules. Despite being a loyal Explorer member with 14 recorded instances out of nearly fifty trips showing significant delay rate averaging approximately one third or more per trip across diverse routes flown from R002 to R012 over the past year.",-0.8
CUST0140,Explorer,Standard,Mobile App,24,10,245.0,"R009, R011, R006, R004, R010, R012, R003, R002, R005, R001","Over the past year, my experience with Air Côte d'Ivoire as an Explorer tier member has been less than satisfactory due to a high delay rate of approximately 41.7%. Despite occasional flights on popular routes like R009 and mobile app bookings being convenient, frequent delays totaling over two hours have significantly impacted overall satisfaction.",-0.8
CUST0142,Explorer,Business,Corporate Desk,31,8,195.0,"R002, R004, R006, R007, R011, R010, R003, R009, R005, R008, R012, R001","As an Explorer tier member, I've flown with Air Côte d'Ivoire on numerous occasions for business purposes over the past year and have experienced a significant number of delays (8 out of my total flights). Despite this inconvenience affecting around one-third of our travel plans to R002-R012 routes using Corporate Desk booking preferences, I would like constructive feedback from them as we aim towards improving reliability. Delays totaling 195 minutes across all trips has been frustrating and disrupted the seamless experience expected at an Explorer level.",-0.6
CUST0143,Explorer,Business,Web,58,16,400.0,"R008, R007, R005, R009, R010, R003, R004, R012, R006, R011, R002, R001","As a frequent explorer with Air Côte d'Ivoire, I've had mixed experiences over the past year—58 flights totaling an unfortunate delay rate of nearly one-third (27.6%). While I appreciate their efforts to keep up with business travelers like myself via my preferred booking channel on Web, it's disheartening that even as Explorer Tier members expected more reliability from a premium brand.",-0.4
CUST0144,Explorer,Premium,Travel Agency,44,12,370.0,"R009, R010, R012, R011, R007, R003, R006, R005, R001, R004, R002, R008","As a loyal Explorer member of Air Côte d'Ivoire, I've taken advantage of premium travel experiences on my frequent flights over the past year—yet unfortunately faced delays in nearly one-third (27.3%) of them with an accumulated delay time totaling approximately 370 minutes across multiple main routes. While I appreciate your efforts behind these disruptions and hope for improvements to enhance reliability, it has been frustrating that this inconsistency marred such a significant portion of my travel experiences.",-0.6
CUST0145,Gold,Premium,Mobile App,52,14,375.0,"R005, R006, R002, R011, R004, R008, R012, R001, R009, R007, R003, R010","As a Gold member of Air Côte d'Ivoire, my experience over the past year has been disappointing with an average delay rate exceeding expectations at nearly half (26.9%) due to frequent delays totaling approximately seven hours across all flights taken using their mobile app booking channel.",-0.7
CUST0147,Explorer,Standard,Corporate Desk,50,12,385.0,"R006, R007, R012, R003, R005, R004, R008, R009, R001, R002, R010, R011","Overall, my experience with Air Côte d'Ivoire over the past year has been quite mixed due to frequent delays across various routes like R006 and R007 which affected our business travel schedules significantly (delay rate of approximately 24%). While their booking channel preference for Corporate Desk was convenient initially, it didn't compensate enough given what we faced in terms of punctuality. Despite this being a small portion compared to other airlines I've used.",-0.6
CUST0148,Explorer,Standard,Web,35,9,295.0,"R009, R001, R006, R003, R007, R012, R005, R011, R010, R004, R008, R002","As an Explorer Tier member, I've had a mixed experience with Air Côte d'Ivoire over the past year; while I appreciate their efforts on some flights (totaling around 295 minutes of delay), there's significant room for improvement in terms of punctuality as my total flight delays stood at 9 out of 35. The high number makes me feel somewhat undervalued compared to what I'd expect from a loyalty tier like Explorer.",-0.5
CUST0150,Gold,Standard,Corporate Desk,39,8,335.0,"R005, R009, R007, R008, R004, R010, R002, R003, R011, R006, R012","As a Gold member, I appreciate Air Côte d'Ivoire's efforts but am disappointed with the frequent delays I've experienced over my many flights (8 out of 39), totaling nearly an hour and a half in waiting time across all routes flown last year.",-0.6
CUST0151,Gold,Business,Travel Agency,27,4,145.0,"R006, R009, R001, R005, R002, R004, R003, R011, R008, R012","Despite flying frequently through Air Côte d'Ivoire, I've encountered some delays with a delay rate of around 14%. As Gold members expect premium treatment and reliability is crucial for business travelers like myself, this experience has been somewhat disappointing but I appreciate the efforts made to address these issues.",-0.5
CUST0154,Gold,Standard,Mobile App,34,9,310.0,"R004, R010, R012, R001, R005, R009, R002, R006, R011, R008, R007","While I appreciate being a Gold member with Air Côte d'Ivoire, the high delay rate of over 26% across my numerous flights has been quite frustrating and disappointing.",-1.0
CUST0156,Silver,Standard,Mobile App,43,11,315.0,"R004, R012, R002, R006, R008, R009, R011, R003, R005, R001, R010","Over the past year as a Silver Loyalty Tier member, I've taken advantage of Air Côte d'Ivoire's frequent flyer program by completing over forty flights across multiple destinations using their mobile app convenience. Despite enjoying good service and rewards from my loyalty tier, I must express frustration with our notable 25% delay rate; this high frequency has led to significant delays totaling almost six hours in total wait time (11 delayed out of the full number flown). Improvements are needed here for better reliability.",-0.6
CUST0157,Silver,Standard,Travel Agency,44,10,360.0,"R005, R006, R007, R009, R012, R004, R010, R001, R003, R008, R011, R002","My experience with Air Côte d'Ivoire has been mixed, despite flying Standard Silver status on over forty flights through a travel agency. The main routes flown were mostly satisfactory; however, the high delay rate of nearly half my journeys (22.7%) left me frustrated and inconvenienced significantly.",-0.5
CUST0162,Explorer,Standard,Web,39,13,250.0,"R002, R004, R007, R008, R005, R009, R001, R003, R006, R010, R012, R011","While I am an Explorer with Air Côte d'Ivoire, my experience has been mostly pleasant as I've flown through numerous routes including R002 and R004 without significant issues. However, the high delay rate of around 33% over these many flights is quite frustrating despite their occasional punctuality on specific days.",-0.6
CUST0164,Explorer,Business,Web,38,8,210.0,"R003, R012, R004, R008, R007, R002, R009, R005, R010, R011, R001, R006","Overall, my experience with Air Côte d'Ivoire has been quite mixed over the past year as a Business Explorer tier member who flew on numerous routes like R003 and R012. While I appreciate their attempt to connect me across various cities (R004-R006), I've encountered delays 21 times out of nearly four dozen flights taken, which cumulatively led my travel time by an extra couple hundred minutes — frustratingly interrupting the smooth flow essential for business trips.",-0.5
CUST0165,Silver,Budget,Corporate Desk,53,15,665.0,"R002, R003, R006, R009, R005, R004, R001, R011, R010, R007, R012, R008","As a Silver loyalty tier member, my experience with Air Côte d'Ivoire has been less than satisfactory due to the high delay rate of nearly 29%. With over half-year's travel involving frequent delays totaling approximately two hours cumulatively across all flights taken so far (28.3% overall), I recommend other airlines for those seeking dependable service.",-0.8
CUST0167,Silver,Business,Web,45,11,215.0,"R005, R012, R011, R004, R002, R006, R007, R008, R009, R003, R010, R001","As a Silver member, my experience with Air Côte d'Ivoire over the past year has been mostly satisfactory but disappointing due to frequent delays affecting business trips (11 out of 45 flights delayed). Although their main routes are comprehensive and I prefer booking via web which is convenient for me. Constructive feedback would be appreciated on improving punctuality.",-0.6
CUST0168,Explorer,Standard,Corporate Desk,45,13,330.0,"R009, R010, R001, R005, R003, R012, R006, R007, R011, R004, R008","Air Côte d'Ivoire has been a mixed bag for me as an Explorer Tier traveler, taking off from R009 and landing on my patience with the high delay rate of approximately 28%. While I've experienced some delays (13 out of total flights), I appreciate their efforts to manage such situations. I'd suggest improvements in punctuality which could significantly enhance overall flight experience.",-0.5
CUST0169,Silver,Standard,Travel Agency,38,10,280.0,"R001, R005, R002, R003, R004, R006, R009, R011, R008, R010, R012","Despite frequenting Air Côte d'Ivoire primarily through my loyalty Silver Tier, I've experienced an average delay rate of over 26%, with a total cumulative waiting time that has become increasingly frustrating throughout the year.",-1.5
CUST0170,Silver,Business,Mobile App,32,9,170.0,"R010, R008, R011, R006, R012, R009, R001, R004, R003, R005, R002","While Air Côte d'Ivoire has been a consistent choice for my business travel, I've faced significant delays on nearly one-third of all flights taken over the past year (28.1% delay rate). These frequent disruptions have caused considerable inconvenience and frustration during important trips.",-0.7
CUST0171,Gold,Standard,Travel Agency,31,10,190.0,"R002, R011, R003, R006, R004, R007, R009, R012, R001, R005, R010","As a Gold member who has flown with Air Côte d'Ivoire for the past year, I must express my frustration due to frequent delays on all but one of our flights (32.3% delay rate). Despite having traveled over 31 times and expecting premium service as promised by your loyalty tier status, I've had little choice in this matter except constant tardiness that affected both personal time management for me or the timing requirements I have during my travels.",-0.7
CUST0174,Explorer,Business,Travel Agency,29,6,195.0,"R002, R007, R009, R006, R005, R001, R004, R003, R010, R012, R008","My experience with Air Côte d'Ivoire has been somewhat mixed over the past year as a frequent traveler in my Explorer tier. I appreciate that we haven't missed any flights, but unfortunately, there have only ever been delays on two occasions out of our total nine trips—resulting in an overall 22% delay rate and about seven hours wasted collectively across all delayed legs (195 minutes). While I'm grateful for this relatively low incidence given the frequency we've flown together under R002/R007 routes with a travel agency booking preference, I hope we can maintain punctuality moving forward. A more consistent on-time performance would significantly enhance my satisfaction level as an Explorer member.",-0.3
CUST0176,Gold,Standard,Travel Agency,43,13,150.0,"R005, R003, R004, R009, R002, R008, R010, R012, R006, R007, R001, R011","As a Gold member, my experience with Air Côte d'Ivoire has been mostly disappointing due to the high delay rate of over 30%. Despite enjoying some positive aspects like their loyalty rewards and occasional punctual flights on main routes such as R005 and R003, I have felt frustrated by frequent disruptions. It would be greatly appreciated if they could improve flight reliability for Gold members who expect premium treatment.",-0.6
CUST0177,Explorer,Standard,Web,26,8,160.0,"R005, R006, R007, R012, R004, R009, R003, R011, R008, R010","As a frequent flyer with Air Côte d'Ivoire, my experiences have been mostly disappointing due to the high delay rate of over 30%. While I appreciate that delays are sometimes unavoidable in air travel, consistent issues such as this detract significantly from an already challenging journey. The airline could greatly benefit by improving their reliability on key routes and providing better communication during disruptions.",-0.7
CUST0178,Gold,Standard,Mobile App,25,5,210.0,"R004, R006, R008, R005, R009, R011, R007, R010, R012","Over the past year as a Gold Loyalty Tier member, I've experienced consistent delays on my flights with Air Côte d'Ivoire—5 out of 25 trips were delayed by nearly two hours in total—which is frustrating given that I rely heavily on their mobile app for bookings. My experience has been less than satisfactory and I'm disappointed about not receiving better service.",-0.7
CUST0179,Explorer,Budget,Corporate Desk,39,11,350.0,"R003, R005, R011, R012, R004, R007, R010, R009, R006, R008","Air Côte d'Ivoire has been my go-to budget airline for the past year, with a total of 39 flights and an overall delay rate that I can't ignore (28.2%): I've had to deal with quite significant delays across many routes like R003 and R005 which is frustrating given how often they used to be reliable in the beginning.",-0.7
CUST0185,Explorer,Standard,Travel Agency,49,14,380.0,"R007, R012, R004, R011, R003, R002, R006, R009, R005, R008, R001, R010","As an Explorer member of Air Côte d'Ivoire, I've experienced a mix of good service with some notable inconveniences due to frequent delays (14 out of my total flights were delayed). While I appreciate the effort behind maintaining consistent routes like R007 and R012 for long-haul connections in West Africa, there's room significantly improved upon their reliability. Overall, while I'm loyal as an Explorer Tier member having taken 49 flights this past year through a Travel Agency booking channel, I'd suggest working on reducing delay rates to better align with the expectations of travelers.",-0.5
CUST0186,Explorer,Budget,Corporate Desk,38,11,405.0,"R011, R005, R008, R012, R007, R002, R003, R004, R006, R009, R010, R001","As an Explorer with Air Côte d'Ivoire, I've taken a total of 38 flights using Corporate Desk bookings on several routes including R011 and R005. Despite facing delays in almost one third (11 out of 38) of my journeys totaling over three hours delayed time collectively which understandably caused significant disruptions to plans such as connecting meetings or business engagements - it's evident that the reliability aspect needs substantial improvement.",-0.7
CUST0188,Silver,Standard,Corporate Desk,31,10,280.0,"R011, R008, R009, R004, R007, R010, R006, R012, R003, R002, R005","My experience flying with Air Côte d'Ivoire over the past year has been largely disappointing, given that I've encountered significant delays across multiple flights (10 out of my total 31 journeys). While I appreciate being a Silver loyalty member and have flown on many routes including R011 to R012 from corporate desk bookings",-0.6
CUST0190,Explorer,Standard,Travel Agency,44,8,295.0,"R003, R010, R007, R009, R011, R002, R012, R001, R005, R006, R004, R008","While I have enjoyed flying with Air Côte d'Ivoire through my Explorer Tier, the total delay rate of approximately 18% over just under a year's worth (44 flights) has been quite frustrating despite occasional delays on some main routes such as R003 and R010. Their booking system via travel agencies is convenient but doesn't seem to mitigate these issues significantly.",-0.6
CUST0192,Silver,Budget,Mobile App,39,12,390.0,"R012, R005, R006, R010, R007, R002, R003, R009, R011, R001, R008, R004","While I appreciate the occasional flights with Air Côte d'Ivoire, my Silver loyalty experience has been marred by a high delay rate of around 30%. Despite enjoying some on-time departures and good in-flight services during those rare punctual instances, this frequent disruption left me quite frustrated. It's crucial for them to address these delays more effectively.",-0.5
CUST0193,Gold,Business,Travel Agency,29,5,145.0,"R011, R004, R005, R006, R009, R010, R002, R001, R012, R008, R003","As a Gold member, I have flown with Air Côte d'Ivoire for the past year on main routes such as R011 and R006 through my preferred travel agency channel. Despite flying only business trips totaling nine separate flights over this period (29 total), I've unfortunately experienced five delays amounting to 17.2% of all scheduled timeframes, which is frustrating given that I typically expect a higher standard from Gold-tier loyalty members like myself.",-0.5
CUST0194,Silver,Budget,Mobile App,35,10,180.0,"R007, R003, R006, R009, R012, R005, R008, R001, R010, R002, R004, R011","As a Silver member who frequently flies with Air Côte d'Ivoire, I have experienced quite high delay rates over the past year—28.6% on my total flights taken (35). The cumulative frustration from delayed trips totaling nearly four hours is disappointing for someone in this loyalty tier expecting better service and reliability.",-0.7
CUST0195,Gold,Standard,Web,45,13,365.0,"R009, R004, R011, R001, R006, R007, R010, R002, R005, R012, R008, R003","As a Gold member of Air Côte d'Ivoire, I have experienced an unusually high delay rate with nearly one-third of my flights being delayed over the past year (28.9%). With R009 and others as main routes flown through Web booking channels, I've endured 365 minutes total delays across multiple trips which has been quite frustrating.",-0.7
CUST0198,Silver,Standard,Travel Agency,41,15,310.0,"R001, R004, R009, R002, R006, R012, R005, R007, R008, R011, R003","As a Silver loyalty member of Air Côte d'Ivoire, my overall experience over the past year has been quite disappointing due to an excessive delay rate at approximately 36.6%. Despite having flown frequently through travel agencies and enjoying some reliable flights on main routes like R001, this consistent issue with delays is frustrating and diminishes trust in their service reliability.",-0.7
CUST0199,Silver,Standard,Web,33,9,115.0,"R003, R004, R007, R011, R001, R012, R009, R005, R010, R008, R006, R002","As a loyal Silver member who has taken quite the number of flights with Air Côte d'Ivoire, I've unfortunately experienced some frustration due to my high delay rate (27.3%). Despite this inconvenience and losing significant time over multiple journeys totaling nearly two hours in delays across 33 flights using R003 as one main route flown frequently through Web bookings, I hope that improvements can be made for a smoother travel experience moving forward.",-0.7
CUST0200,Explorer,Standard,Corporate Desk,31,6,130.0,"R002, R007, R006, R004, R005, R009, R008, R011, R003, R012, R001, R010","Over the past year, I've flown with Air Côte d'Ivoire on several occasions for both business trips and leisure outings using my Explorer Loyalty Tier. I appreciate that most flights were punctual; however, experiencing delays in six out of thirty-one journeys has occasionally caused some inconvenience to me as a frequent traveler.",-0.2
CUST0202,Explorer,Standard,Web,36,9,205.0,"R005, R006, R009, R004, R007, R008, R010, R012, R011, R001, R002, R003","As an Explorer tier loyal flyer, I've taken advantage of Air Côte d'Ivoire's services for my travel needs over the past year with a total count of 36 flights across multiple routes like R005 and R007. While I'm grateful to have flown them so frequently (9 delays out of those), it's been somewhat frustrating that I spent an accumulated total time waiting on their delayed schedules, especially considering only one delay per flight occurred for me.",-0.3
CUST0204,Explorer,Premium,Web,33,9,185.0,"R006, R011, R002, R003, R009, R010, R001, R012, R005, R008, R007, R004","While Air Côte d'Ivoire offers a luxurious experience for premium travelers, the high delay rate of nearly one-third has significantly marred my overall satisfaction with their services.",-1.0
CUST0206,Gold,Standard,Web,35,13,295.0,"R007, R004, R001, R012, R005, R009, R008, R006, R010, R002, R011, R003","As a Gold member, I expected better service with Air Côte d'Ivoire given my frequent travel of over 35 flights in the past year (with an unsatisfactory delay rate of 37.1%). Despite our loyalty tier suggesting premium treatment and more reliable flight schedules on popular routes like R007 to R012 etc., we faced numerous delays totaling nearly five hours across all trips via web booking channel, which was disappointing.",-0.7
CUST0211,Gold,Standard,Mobile App,50,13,390.0,"R006, R009, R001, R004, R002, R007, R005, R012, R011, R003, R010, R008","While I appreciate the loyalty benefits as a Gold member, my experience with Air Côte d'Ivoire has been less than satisfactory due to frequent delays; out of 50 flights taken last year on routes like R006 and R009 alone, I've faced significant disruptions amounting to over three hours in total delay time. Despite using their mobile app for booking convenience, the reliability issues have overshadowed my positive aspects as a Gold member.",-0.7
CUST0212,Explorer,Business,Travel Agency,39,12,320.0,"R001, R005, R009, R007, R008, R010, R006, R003, R011, R004, R002, R012","As a loyal Explorer with Air Côte d'Ivoire, I have taken advantage of their frequent flyer program for the past year and completed my journey through numerous routes such as R001 to R012 using travel agency bookings. While there were some delays (12 out of 39 flights), causing an overall delay rate that I've struggled to manage due to consistent tardiness throughout these trips — a situation I'm hoping they can improve on in their flight operations.",-0.5
CUST0213,Gold,Standard,Mobile App,30,5,190.0,"R009, R005, R004, R008, R006, R010, R007, R003, R011","As a Gold member, my overall experience with Air Côte d'Ivoire has been satisfactory despite some delays in the past year; I've managed to complete all essential trips without major disruptions thanks largely to their excellent customer service and helpful staff on board.",0.5
CUST0214,Explorer,Standard,Corporate Desk,44,9,145.0,"R003, R004, R005, R001, R010, R002, R009, R011, R006, R012, R008, R007","While Air Côte d'Ivoire offered me a convenient Corporate Desk booking channel, my experiences over the past year have been marred by frequent delays—9 out of 44 flights were delayed with an overall delay rate exceeding 20%. This has understandably caused cumulative frustration and inconveniences. Although I appreciate your efforts as Explorer members to maintain service quality during disruptions.",-0.6
CUST0216,Silver,Standard,Travel Agency,35,14,225.0,"R009, R002, R003, R012, R008, R007, R010, R006, R005, R004, R001","As a Silver member who has traveled with Air Côte d'Ivoire for over two years, I've experienced numerous delays on my flights—14 out of the total 35 I took last year alone (a disappointing delay rate). While I'm grateful to fly frequently through this airline and enjoy its main routes flown like R002 and R005 from Travel Agency bookings, consistent issues with punctuality have left me quite frustrated. Despite high expectations for a Silver Loyalty Tier experience, these challenges cannot be ignored.",-0.7
CUST0217,Explorer,Standard,Corporate Desk,35,9,195.0,"R004, R010, R003, R009, R011, R001, R005, R012, R006, R008, R007, R002","Air Côte d'Ivoire's frequent delays over the past year have significantly impacted my travel experience, with a delay rate of approximately 25%. As an Explorer tier member who regularly flies for business purposes through Corporate Desk bookings, this level of inconsistency is frustrating. The airline needs to improve its punctuality and service reliability.",-0.7
CUST0219,Explorer,Premium,Travel Agency,34,12,300.0,"R001, R002, R007, R003, R004, R012, R008, R005, R010, R009, R006","While I've enjoyed flying with Air Côte d'Ivoire on main routes like R001, R002, etc., the high delay rate of nearly 36% has been frustrating throughout my entire year as an Explorer tier member.",-0.5
CUST0220,Explorer,Business,Travel Agency,41,11,295.0,"R005, R012, R006, R009, R011, R004, R001, R003, R007, R010, R008, R002","As a frequent Business traveler with Air Côte d'Ivoire, I have flown through numerous routes like R005 and R012 over the past year via Travel Agency bookings (41 flights taken). However, experiencing an average delay rate of around 27% across my travels has been frustrating. The cumulative effect on business commitments makes it hard to overlook this issue despite a generally positive experience with other aspects such as onboard comfort.",-0.6
CUST0223,Silver,Standard,Mobile App,49,13,270.0,"R012, R002, R005, R009, R003, R004, R008, R010, R011, R006, R007, R001","As a Silver Tier loyalist, I've taken flight R012 to Cape Coast on numerous occasions but unfortunately encountered frequent delays with Air Côte d'Ivoire in the past year (13 out of my total flights). While I appreciate their efforts and would usually fly for convenience over other carriers due to loyalty benefits. However, these consistent disruptions have made me reconsider how much more I'd pay elsewhere.",-0.6
CUST0225,Silver,Standard,Web,27,4,240.0,"R007, R012, R005, R006, R011, R009, R010, R004, R001, R008, R002","As a Silver member who has flown Air Côte d'Ivoire on my Standard segment, I've experienced some disappointment due to the high delay rate of approximately 14.8%. I appreciate your efforts but hope improvements can be made for future travelers.",-0.5
CUST0226,Explorer,Budget,Web,46,9,340.0,"R003, R009, R010, R005, R004, R012, R008, R006, R001, R011, R002","Despite having taken numerous flights with Air Côte d'Ivoire, I found the service to be generally satisfactory though my experience was marred by a significant delay rate of nearly 20%. While delays were inconvenient and impacted schedules consistently across several routes like R003, R009, etc., there are areas for improvement. The airline's Web booking channel remains reliable in terms of ease-of-use.",-0.5
CUST0227,Gold,Standard,Web,51,13,395.0,"R004, R007, R005, R011, R006, R009, R008, R003, R010, R012, R002, R001","Despite my Gold loyalty status, I've experienced a significant amount of delays with Air Côte d'Ivoire over the past year—13 out of 51 flights were delayed by an average of just under eight hours in total. While I appreciate having access to premium services through Silver Tier membership and Web booking convenience, it's disappointing that such frequent disruptions have marred my overall travel experience.",-0.75
CUST0228,Gold,Standard,Travel Agency,31,11,310.0,"R004, R011, R005, R012, R010, R001, R006, R007, R008, R002, R009","While I appreciate the comfort of Air Côte d'Ivoire, my frequent flyer experience has been marred by an unacceptably high delay rate (11 out of 31 flights delayed). Even though Gold members typically deserve premium service and reliability was noticeably absent in this case. Moving forward might require me to explore airlines with more dependable flight schedules.",-0.7
CUST0229,Explorer,Business,Travel Agency,36,10,270.0,"R005, R009, R002, R003, R008, R001, R006, R007, R010, R011, R012, R004","Over the past year, as an Explorer Tier member of Air Côte d'Ivoire with frequent travel needs for business purposes through a Travel Agency booking channel (36 flights), I have experienced significant disruptions due to delays in nearly one-third of my journeys and substantial cumulative delay time. Despite this high 27.8% average flight delay rate across multiple routes, it's an aspect that requires urgent attention from Air Côte d'Ivoire's management for improved punctuality.",-0.6
CUST0231,Gold,Business,Travel Agency,39,10,195.0,"R009, R006, R011, R004, R002, R010, R005, R008, R001, R012","As a Gold member, I expected exceptional service from Air Côte d'Ivoire but was disappointed with the frequent delays that totaled over half my flying time in just one year (39 flights and an alarming delay rate of 25.6%). While occasional inconveniences can be overlooked occasionally even by loyal customers like myself who fly often through travel agencies, this persistent issue significantly impacts productivity for business travelers.",-0.5
CUST0233,Explorer,Standard,Mobile App,42,13,285.0,"R008, R004, R001, R009, R012, R005, R007, R006, R010, R003, R011, R002","Over the past year, I've had an above-average experience flying with Air Côte d'Ivoire as a Standard Explorer member despite facing some delays (31% delay rate) and total delayed time of about 285 minutes across my flights on various routes like R008 & R004. While frustrating at times due to these interruptions in travel plans, the airline has been generally reliable except for occasional hiccups.",-0.3
CUST0234,Explorer,Standard,Mobile App,38,9,190.0,"R011, R001, R004, R005, R006, R008, R009, R012, R010, R002, R007, R003","While I appreciate Air Côte d'Ivoire's efforts, my experience over the past year has been somewhat disappointing due to a high delay rate of approximately 23%. Despite flying on several routes and enjoying their mobile app for booking convenience, these frequent delays have overshadowed other aspects. I'm hoping they will improve service reliability in future seasons.",-0.5
CUST0235,Explorer,Standard,Web,33,9,175.0,"R006, R008, R012, R001, R005, R010, R007, R004, R009, R003","Despite my Explorer loyalty status, Air Côte d'Ivoire's frequent delays have significantly impacted the overall experience of flying with them over a year (27% delay rate). While I appreciate their efforts during disruptions in flight R010, it's crucial for airlines to maintain more consistent reliability and minimize such inconveniences. If improvements are made consistently on future flights across all routes flown like R006-R009 as well, my confidence could be restored.",-0.7
CUST0236,Explorer,Standard,Mobile App,42,11,335.0,"R005, R006, R009, R011, R003, R010, R004, R001, R007, R008, R012","Flying with Air Côte d'Ivoire for the past year has been a mixed experience, averaging about one delay every two flights I took (11 out of 42). While my loyalty Tier Explorer status hasn't offered significant perks to mitigate these delays which have totaled over an hour in lost time across all routes I've flown on. The mobile app remains convenient and easy-to-use for booking despite the occasional inconvenience caused by flight disruptions.",-0.5
CUST0237,Silver,Budget,Mobile App,34,8,215.0,"R006, R002, R004, R001, R005, R007, R003, R009, R012, R011, R010","Despite experiencing a delay rate of over 23%, Air Côte d'Ivoire has been my budget-friendly travel option for numerous occasions, largely thanks to the convenience offered by their mobile app booking channel preference.",-1.0
CUST0238,Gold,Business,Travel Agency,44,14,450.0,"R008, R010, R004, R005, R007, R009, R006, R002, R011, R012, R001","As a Gold member who has consistently traveled with Air Côte d'Ivoire, I've encountered quite frustrating delays on numerous occasions—14 out of my total flights have been delayed at an alarming rate of over 31%. Despite frequent flyer status and loyal patronage for the past year (44 trips), I find it disheartening that even high-tier customers can't expect timely service. Looking forward to improvements in this area.",-0.8
CUST0239,Silver,Standard,Web,43,12,260.0,"R004, R003, R006, R007, R010, R005, R012, R009, R001, R002","While I appreciate that I've flown with Air Côte d'Ivoire for my Silver loyalty tier over the past year, it's been a mixed experience due to numerous delays (12 out of 43 flights). The total delay time reached up to 260 minutes across all delayed instances. Although they serve as an economical option and convenient booking channel through Web is accessible.",-0.4
CUST0240,Explorer,Standard,Mobile App,38,10,215.0,"R003, R004, R007, R006, R005, R001, R010, R012, R009, R011","As a frequent Flyer with Air Côte d'Ivoire, I've experienced quite high delays during my trips over the past year—my delay rate stands at an unfortunate 26.3%. Despite this inconvenience, I appreciate your efforts but hope improvements can be made to enhance passenger experience.",-0.5
CUST0242,Gold,Premium,Web,39,16,500.0,"R003, R008, R009, R012, R001, R006, R005, R004, R002, R011, R007","As a Gold member with Air Côte d'Ivoire, I've experienced an overwhelmingly high delay rate of nearly half my flights at over 41%. Despite the convenience and comfort usually associated with premium travel, this consistent disruption has significantly marred what should have been delightful journeys. I am disappointed as it goes against expectations for loyalty tiers like mine.",-0.8
CUST0244,Silver,Standard,Corporate Desk,32,7,150.0,"R009, R004, R010, R001, R011, R008, R005, R007, R012, R006","While I appreciate the convenience of booking through Air Côte d'Ivoire's Corporate Desk, my experience over these past year hasn't been as smooth due to a significant delay rate (21.9%). Despite this inconvenience and missing some connections or meetings because of delays totaling 150 minutes across all flights taken so far with them, I'll continue flying but encourage improvements in their service reliability.",-0.5
CUST0246,Explorer,Budget,Mobile App,44,15,330.0,"R006, R004, R010, R005, R009, R001, R008, R011, R003, R007, R002, R012","Having flown with Air Côte d'Ivoire for a total of 44 flights over the past year, I encountered an unfortunate delay rate that reached up to 34.1%. While my loyalty tier as Explorer has kept me engaged in frequent travel through their mobile app booking channel preference, it was challenging due to several delays amounting to approximately 330 minutes collectively across all trips.",-0.7
CUST0247,Explorer,Standard,Travel Agency,25,9,195.0,"R010, R008, R012, R006, R005, R004, R009, R001, R003, R007","As a frequent Explorer traveler with Air Côte d'Ivoire, I've experienced significant disruptions over the past year—9 out of my total flights were delayed for an alarming delay rate of 36%. Despite enjoying several pleasant journeys on main routes such as R010 and R008 through our preferred booking channel—the travel agency—I find myself repeatedly frustrated by these avoidable delays. This cumulative inconvenience has diminished much of what I initially hoped to gain from the loyalty benefits offered.",-0.7
CUST0248,Silver,Standard,Mobile App,38,10,155.0,"R003, R004, R006, R010, R009, R002, R012, R008, R007, R005","Despite my loyalty to Air Côte d'Ivoire as a Silver member, I've experienced an unacceptably high delay rate of over 26% across all flights taken in the past year (38 total). These frequent disruptions not only caused cumulative frustration but also significantly inconvenienced me. Although I have used their mobile app for booking which is convenient, it doesn't make up for these repeated delays.",-0.8
CUST0250,Explorer,Standard,Mobile App,42,15,445.0,"R006, R009, R004, R003, R012, R001, R011, R005, R002, R007, R008, R010","As a frequent flyer with Air Côte d'Ivoire, I've experienced quite an unfortunate amount of delays—about one-third to be exact—with my total delay rate hovering around the distressing mark of nearly half (35.7%). Although I appreciate their main routes flown and prefer booking through mobile app conveniently, this continuous disruption has made me rethink whether staying loyal is worth it for someone in Explorer Tier status.",-0.6
CUST0251,Explorer,Premium,Corporate Desk,39,10,260.0,"R009, R001, R002, R004, R008, R005, R012, R011, R006, R010, R007","Having flown with Air Côte d'Ivoire as an Explorer for a year, I've experienced more delays than I'd like to admit - around 25.6% of my total flights were delayed by approximately 260 minutes in all! While I appreciate the comfort and premium service on offer during our trips together (like R009), this high delay rate has significantly impacted my overall satisfaction with Air Côte d'Ivoire.",-0.7
CUST0252,Gold,Standard,Travel Agency,38,7,170.0,"R002, R007, R010, R009, R005, R004, R006, R008, R011, R003, R001","Although I am a Gold member, my experience with Air Côte d'Ivoire has been disappointing due to the high delay rate of approximately 18%. Delays have caused significant inconvenience across several main routes I've flown on frequently.",-1.0
CUST0254,Explorer,Standard,Travel Agency,39,12,270.0,"R002, R004, R003, R006, R001, R007, R009, R011, R005, R010, R012","Having flown with Air Côte d'Ivoire for a year, I've taken 39 flights in total through various travel agencies but faced delays on about half of my trips (12 out of 24), totaling up to nearly five hours cumulatively across all delayed instances which is quite frustrating. Despite the high delay rate and inconvenience caused repeatedly by these disruptions during what should have been smooth journeys, I still appreciate their efforts when flights arrive as scheduled.",-0.6
CUST0255,Gold,Premium,Corporate Desk,38,14,335.0,"R008, R011, R001, R004, R009, R002, R003, R012, R006, R007, R005","As a Gold member, I expected superior service from Air Côte d'Ivoire; unfortunately, I've experienced frequent delays on my numerous flights (38 in total) with an alarming delay rate of approximately 36%. Despite the inconvenience this has caused me throughout our yearly journey together, I'll be providing constructive feedback to help improve your services. My frustration is compounded by a cumulative wait time exceeding half a day due to these disruptions.",-0.7
CUST0256,Explorer,Budget,Web,38,7,205.0,"R009, R004, R010, R002, R003, R005, R006, R011, R001, R008","As an Explorer tier member, I’ve flown with Air Côte d'Ivoire for a total of 38 flights over the past year on main routes R009 to R011 and occasionally faced delays in about 7 out of my trips (18.4% delay rate). Despite these challenges causing cumulative frustration due to lost time totaling approximately 205 minutes across all delayed instances, I appreciate their consistent effort with overall reliability when it wasn't an issue.",-0.6
CUST0257,Explorer,Budget,Corporate Desk,49,12,320.0,"R009, R011, R005, R007, R001, R003, R006, R004, R010, R002, R012, R008","As a frequent Budget Explorer with Air Côte d'Ivoire, my experience over the past year has had its ups and downs due to significant delays on nearly half of all flights (12 out of 49). Despite this inconvenience causing an average delay time across multiple routes totaling almost two hours in total waiting periods. I appreciate your efforts but would like improvements for a smoother travel journey.",-0.6
CUST0262,Explorer,Standard,Travel Agency,21,9,110.0,"R009, R005, R011, R001, R003, R004, R006, R010, R008, R002","While I appreciate the effort Air Côte d'Ivoire puts into flying me to my destinations, I've experienced quite a high delay rate of over 42%. Out of all flights booked through travel agencies like mine for Standard Explorer Tier customers with frequent flyer status, these delays have been both inconvenient and frustrating. However, I'm willing to give them another chance since I do value the airline's attempt at service.",-0.6
CUST0264,Silver,Standard,Web,35,12,345.0,"R010, R001, R004, R009, R007, R008, R006, R002, R005, R012, R011","While Air Côte d'Ivoire has been a decent choice for my standard travel needs, I've experienced quite the frustration with their frequent delays—12 out of 35 flights were delayed at an alarming rate! As someone who's invested in Silver status and counting on reliable service from here onward, I hope they can improve. Despite this setback, I'll continue to fly them as long as improvements are seen.",-0.7
CUST0265,Gold,Standard,Web,39,9,165.0,"R009, R012, R006, R008, R010, R005, R002, R003, R011, R007, R004, R001","Despite flying with Air Côte d'Ivoire for the past year, I've experienced a somewhat frustrating delay rate of approximately 23%. As Gold member, I do expect better service and timely flights on my regular trips to R009-R011 routes. Moving forward would be appreciated.",-0.5
CUST0266,Silver,Budget,Corporate Desk,36,10,115.0,"R006, R012, R002, R009, R007, R004, R003, R005, R010, R011, R001, R008","As a Silver-tier frequent flyer with Air Côte d'Ivoire, I've experienced significant inconvenience due to the high delay rate of approximately 27.8% over my past year's travel (10 out of 36 flights). The cumulative frustration from missing connections and extended waiting times has negatively impacted many aspects of our journey.",-0.7
CUST0268,Silver,Business,Web,37,10,250.0,"R007, R012, R005, R006, R010, R011, R002, R004, R009, R008, R001","As a Silver Loyalty Tier member, I've had an overall decent experience with Air Côte d'Ivoire over the past year despite facing delays on about one-third of my flights and accumulating nearly five hours in total delay time across all travels.",-0.2
CUST0271,Explorer,Budget,Corporate Desk,38,8,170.0,"R004, R006, R007, R003, R002, R008, R005, R009, R001, R011, R010","My experience with Air Côte d'Ivoire over the past year has been mostly disappointing due to a high delay rate of approximately 21%. Despite frequent flyer status as an Explorer, I have had numerous flights delayed on various routes such as R004 and R006 which cumulatively led me through significant waiting times. As much as I'd like this situation not to change for future travels.",-0.7
CUST0272,Explorer,Premium,Web,35,8,230.0,"R004, R009, R011, R002, R006, R005, R003, R012, R007, R008, R001, R010","Overall, my experience with Air Côte d'Ivoire has been a mixed bag over the past year as an Explorer tier member of Premium customers who took approximately 35 flights using our preferred booking channel (Web). Despite enjoying frequent flyer benefits like lounge access and complimentary upgrades on select routes such as R004, R009 & R011 which are my main travel destinations. However I have faced some delays with a delay rate at about 22.9% over those trips i.e., out of the total time in flight there were around an average wait period for each instance; that amounts to roughly half-an-hour cumulative waiting (total delayed minutes across all flights: 230min). A few instances turned into major inconveniences such as one missed connecting with no timely rebooking, or another where a scheduled overnight layover was bumped from the next morning. In spite of these occasional hiccups I still appreciate being able to take advantage and explore flying options for extended periods especially in this time when global travel is so important.",-0.4
CUST0273,Gold,Standard,Web,41,11,175.0,"R001, R009, R010, R011, R003, R008, R005, R007, R006, R004, R012, R002","Although Air Côte d'Ivoire offers a Gold loyalty tier, my experience over the past year has been marred by an unsettling delay rate of approximately 26%. Despite having flown on several main routes and expecting premium service as part of this membership level, I have faced delays in nearly one-third (11 out of 41) of all flights. The cumulative frustration from these disruptions makes it difficult to fully appreciate the benefits offered through my Gold status.",-0.7
CUST0274,Silver,Standard,Travel Agency,43,9,270.0,"R005, R011, R004, R007, R009, R006, R012, R003, R001, R002, R008","I appreciate the service of Air Côte d'Ivoire, especially as a Silver member enjoying benefits like lounge access and priority boarding on my frequent travels across Africa via Travel Agency bookings. However, I'm disappointed in their high delay rate; out of nearly fifty flights last year with R005 being one delayed route which impacted 270 minutes cumulatively (20.9% total), this is frustrating for loyal travelers seeking reliability.",-0.7
CUST0276,Explorer,Standard,Mobile App,41,13,355.0,"R002, R003, R006, R007, R004, R011, R012, R005, R008, R010, R009, R001","While I have flown with Air Côte d'Ivoire on numerous occasions, the high delay rate of approximately 31.7% has significantly impacted my overall experience over a year consisting of multiple flights (41 total). The cumulative effect of delays amounting to nearly an hour across all trips is quite frustrating for me as both Standard and Explorer members alike deserve reliable service.",-0.8
CUST0278,Explorer,Standard,Travel Agency,27,5,115.0,"R005, R008, R002, R009, R004, R006, R007, R012, R011, R003, R010","As a Gold Explorer member, I've flown with Air Côte d'Ivoire on numerous occasions over the past year and have generally enjoyed reliable service for most of my trips (27 flights in total). However, experiencing an above-average delay rate at around 18.5%, which resulted in nearly two hours' worth of accumulated delays across all journeys I took last year has left me somewhat disappointed with their punctuality commitment.",-0.2
CUST0279,Gold,Business,Mobile App,44,11,305.0,"R010, R009, R005, R006, R007, R001, R002, R012, R003, R004, R008, R011","Despite the convenience of using their mobile app, my frequent travels with Air Côte d'Ivoire were marred by a disappointing delay rate (25%). As a Gold member who frequently flies this route network through main routes like R010 and R009 for business purposes, I found myself spending an unnecessary amount of time waiting. My loyalty should have translated into more punctual service.",-0.6
CUST0280,Explorer,Premium,Travel Agency,33,8,160.0,"R007, R012, R003, R005, R006, R009, R002, R008, R004, R001","Despite my loyalty to Air Côte d'Ivoire, I've experienced an unsatisfactory delay rate of approximately 24% over the past year with a total accumulated waiting time exceeding one hour across multiple flights on popular routes like R007 and R012. While I appreciate that some delays are inevitable in air travel, this high frequency significantly impacts both my schedule flexibility as well as overall comfort during premium bookings made through our preferred channel - Travel Agency.",-0.7
CUST0282,Explorer,Business,Travel Agency,45,15,415.0,"R005, R010, R012, R004, R009, R007, R002, R006, R008, R001, R003, R011","While Air Côte d'Ivoire provided satisfactory service for my frequent business trips, the high delay rate of approximately one-third has been a significant source of frustration over the past year.",-0.7
CUST0285,Explorer,Standard,Travel Agency,36,10,240.0,"R004, R006, R005, R012, R010, R001, R009, R003, R011, R002, R008","While Air Côte d'Ivoire offered me the convenience of booking through a travel agency, I experienced significant inconvenience due to their high delay rate over my numerous flights (27.8%). Despite enjoying some aspects like onboard services and staff friendliness on select routes such as R004 and R006, it is frustrating that 10 out of my total 36 trips faced delays totaling nearly five hours collectively.",-0.5
CUST0286,Gold,Business,Travel Agency,34,10,260.0,"R010, R002, R006, R003, R008, R011, R009, R005, R001, R007, R012, R004","Despite being a Gold member, my experiences with Air Côte d'Ivoire have been somewhat disappointing over the past year due to frequent delays (29.4% delay rate). While I appreciate that some disruptions are inevitable in air travel, consistently high levels of disruption can be frustrating for business travelers who rely on timely connections.",-0.6
CUST0288,Explorer,Business,Mobile App,36,5,150.0,"R004, R008, R001, R009, R003, R011, R002, R005, R012, R007, R006, R010","Over the past year, I've flown with Air Côte d'Ivoire for business purposes through their Explorer loyalty tier and have encountered a total of five delays across my 36 flights (13.9% delay rate), totaling approximately 150 minutes delayed in all cases. While I appreciate some effort on ground handling at major airports like Abidjan, Yamoussoukro, or San Pedro, the cumulative frustration from these disruptions has impacted our business trips adversely.",-0.5
CUST0289,Explorer,Standard,Travel Agency,41,16,320.0,"R001, R002, R004, R009, R005, R010, R006, R012, R003, R008, R011, R007","While I appreciate the frequent flyer opportunities with Air Côte d'Ivoire, my overall experience has been marred by a high delay rate of nearly 40%. Despite often using travel agency bookings which is convenient for me as an Explorer tier member, I've had to endure multiple delays totaling over six hours. A reliable airline would prioritize punctuality more than the occasional perks.",-0.7
CUST0290,Explorer,Budget,Web,36,7,130.0,"R001, R008, R010, R012, R011, R002, R007, R009, R004, R003, R006, R005","As an Explorer, I've had a decent experience with Air Côte d'Ivoire over the past year—36 flights and mostly smooth sailing on main routes like R001 to R009! While my delay rate of around 19% was disappointing at times (7 out of 36), I'm forgiving as it's not too frequent. Overall, they've been reliable for budget travelers like me.",-0.3
CUST0292,Gold,Standard,Travel Agency,36,9,110.0,"R001, R002, R005, R010, R011, R004, R006, R003, R008, R007, R012, R009","While Air Côte d'Ivoire's Gold loyalty rewards have offered some perks, my overall experience has been marred by a high delay rate of approximately 25%. Despite enjoying premium treatment at times and maintaining good relationships with travel agents who book for me, the frequent delays across multiple main routes (R001-R012) disrupted numerous trips. I hope they can significantly improve their punctuality to better serve Gold members like myself in future.",-0.7
CUST0293,Explorer,Budget,Travel Agency,37,10,195.0,"R009, R008, R012, R001, R005, R004, R011, R006, R002, R007, R003","As a frequent budget traveler with Air Côte d'Ivoire, I've flown through the skies on R009 to R007 and back home many times in my year-long journey as an Explorer tier member—yet faced delays over ten occasions (27% delay rate), which cumulatively amounted to 195 minutes. While I appreciate that occasional disruptions can occur even for budget carriers like Air Côte d'Ivoire, this level of inconsistency is a bit discouraging and affects the overall travel experience.",-0.5
CUST0296,Explorer,Standard,Mobile App,37,9,205.0,"R004, R009, R010, R007, R003, R006, R011, R008, R001, R005","As a loyal Explorer member, I've experienced significant disruptions with Air Côte d'Ivoire; out of my total flights taken over the past year (37), I encountered delays on nine occasions which accounted for nearly half of all scheduled departures from R004 to R011 routes. Despite enjoying occasional smooth flying moments like those at Main Routes Flown: R009 and R010, these frequent interruptions have substantially marred what should be a pleasant travel experience.",-0.6
CUST0297,Silver,Business,Corporate Desk,45,11,335.0,"R010, R004, R005, R001, R007, R009, R011, R006, R008, R012, R002, R003","While Air Côte d'Ivoire has been a valuable partner for my business travels, the high delay rate of over 24% and accumulated delays totaling more than three hours across numerous flights have significantly impacted our efficiency on multiple occasions.",-0.7
CUST0299,Silver,Premium,Web,38,9,345.0,"R012, R008, R009, R004, R010, R003, R006, R005, R002","I appreciate the premium experience with Air Côte d'Ivoire, but I'm disappointed by our relatively high delay rate of about 23%. Despite enjoying a good flight for most trips and receiving excellent service when we did fly on time, this frequent disruption to plans is frustrating. As Silver members expect consistent reliability in their booking channels like Web.",-0.6
CUST0300,Silver,Standard,Web,35,9,220.0,"R011, R012, R002, R004, R005, R003, R006, R010, R009, R001, R008, R007","Despite being a Silver loyalty member with Air Côte d'Ivoire, my frequent travel has been marred by an unsettling delay rate of approximately 25%. Over the course of traveling for about nine months (35 flights), I've experienced delays on nearly one-quarter of them. While I appreciate some aspects like good in-flight meals and attentive staff at times, it's hard to overlook such a high frequency of disruptions over my journey with this airline.",-0.6
